"Type","Name","Published","Is featured?","Visibility in catalog","Short description","Description","Sale price","Regular price","Categories","Images","meta:_custom_badge","meta:_pack_quantity","meta:_pack_parfums"
"simple","Coffret Savane Collection Privée L'original","1","0","visible","<p>Coffret cadeau Collection Privée L'original : <strong>Parfum 100ml Savane</strong> + <strong>Gel Douche Savane</strong>. Un duo boisé aromatique viril et conquérant pour un sillage complet toute la journée.</p>","<div style=""color:#1a1a1a;line-height:1.7;""><p>Offrez-vous ou faites découvrir ce <strong>coffret eau de parfum boisé aromatique pour homme</strong>, une expérience olfactive virile et conquérante du matin au soir. La fragrance s'ouvre sur une explosion de bergamote lumineuse et de poivre vif, s'épanouit au cœur sur une lavande sauvage et un géranium aromatique d'une noblesse intemporelle, avant de se poser sur un fond de vétiver terreux, patchouli sombre et cèdre robuste pour un sillage persistant et profond.</p><p>Le gel douche assorti prolonge cette expérience et enveloppe la peau d'une senteur fraîche et masculine dès la douche. <strong>Idéal comme cadeau homme</strong>, ce coffret est conçu pour les amateurs de fragrances intenses, boisées et inoubliables.</p></div>","19.99","25.00","","","(INSPIRÉ DE SAUVAGE)","0",""
"simple","Coffret Cherry's Collection Privée L'original","1","0","visible","<p>Coffret cadeau Collection Privée L'original : <strong>Parfum 100ml Cherry's</strong> + <strong>Brume Corps & Cheveux Love Cherry</strong>. Un duo fruité romantique aux accents de cerise rouge pour un sillage sucrée et envoûtant.</p>","<div style=""color:#1a1a1a;line-height:1.7;""><p>Découvrez ce <strong>coffret eau de parfum fruité oriental</strong>, un duo sensuel et romantique qui enveloppe la peau d'un sillage sucrée et addictif. La fragrance révèle des notes de cerise noire juteuse et d'amande douce en ouverture, un cœur floral sombre d'une sensualité troublante, et un fond de musc chaud et de bois précieux d'une persistance remarquable.</p><p>La brume corps et cheveux associée prolonge cette expérience avec légèreté, sublimant les cheveux et la peau d'un voile fruité et romantique. <strong>Idéal comme cadeau féminin</strong> pour toutes les occasions, ce coffret est fait pour celles qui osent une fragrance intense, sucrée et inoubliable.</p></div>","19.99","25.00","","","(INSPIRÉ DE LOST CHERRY)","0",""
"simple","Coffret Infini Collection Privée L'original","1","0","visible","<p>Coffret cadeau Collection Privée L'original : <strong>Parfum 100ml Infini</strong> + <strong>Gel Douche Infinity</strong>. Un duo aquatique frais et aérien pour un sillage moderne et lumineux.</p>","<div style=""color:#1a1a1a;line-height:1.7;""><p>Explorez l'étendue des senteurs avec ce <strong>coffret eau de parfum aquatique frais pour homme</strong>, une expérience olfactive aérienne et contemporaine. La fragrance s'ouvre sur une fraîcheur marine cristalline et une cardamome épicée, déploie un cœur de jasmin marin et bergamote aérienne, puis se pose sur un fond de musc blanc, cèdre fin et ambre gris lumineux d'une persistance infinie.</p><p>Le gel douche tonnifiant au sillage aquatique complète l'expérience en revitalisant la peau dès le matin. <strong>Idéal comme cadeau homme moderne</strong>, ce coffret séduira les amateurs de fragrances fraîches, lumineuses et sans limite.</p></div>","19.99","25.00","","","(INSPIRÉ DE L'IMMENSITÉ)","0",""
"simple","Coffret Aïsha Collection Privée L'original","1","0","visible","<p>Coffret cadeau Collection Privée L'original : <strong>Parfum 100ml Aïsha</strong> + <strong>Gel Douche Aisha</strong>. Un duo floral oriental enveloppant pour une sensualité douce et captivante.</p>","<div style=""color:#1a1a1a;line-height:1.7;""><p>Révélez votre féminité avec ce <strong>coffret eau de parfum floral oriental</strong>, une expérience olfactive sensuelle et envoûtante. La fragrance s'ouvre sur une bergamote fraîche et une pêche dorée d'une légèreté séduisante, s'épanouit sur un cœur de jasmin crémeux et rose délicate, avant de se poser sur un fond d'ambre chaud, vanille soyeuse et musc précieux pour un sillage doux et profond.</p><p>Le gel douche assorti prend soin de la peau tout en la parfumant d'un voile soyeux et sensuel. <strong>Idéal comme cadeau féminin romantique</strong>, ce coffret est conçu pour les femmes qui cultivent une élégance douce et captivante.</p></div>","19.99","25.00","","","(INSPIRÉ DE MAGIC)","0",""
"simple","Coffret Bakara Collection Privée L'original","1","0","visible","<p>Coffret cadeau Collection Privée L'original : <strong>Parfum 100ml Bakara</strong> + <strong>Gel Douche Elixir Rouge</strong>. Un duo ambré floral d'exception pour un sillage luxueux et inoubliable.</p>","<div style=""color:#1a1a1a;line-height:1.7;""><p>Offrez l'exceptionnel avec ce <strong>coffret eau de parfum ambré floral prestige</strong>, une expérience olfactive d'une sophistication rare. La fragrance dévoile des notes de safran précieux et jasmin crémeux en ouverture, un accord floral-épicé d'une richesse incomparable au cœur, puis un fond de cèdre chaud et musc ambré d'une profondeur magnétique et persistante.</p><p>Le gel douche Elixir Rouge accompagne cette fragrance avec une formule intense aux reflets ardents, prolongeant le sillage sur la peau avec élégance. <strong>Idéal comme cadeau prestige mixte</strong>, ce coffret s'adresse aux amateurs de fragrances riches, lumineuses et sophistiquées.</p></div>","19.99","25.00","","","(INSPIRÉ DE BACCARAT ROUGE 540)","0",""
"simple","Coffret Marshmallow Collection Privée L'original","1","0","visible","<p>Coffret cadeau Collection Privée L'original : <strong>Parfum 100ml Marshmallow</strong> + <strong>Brume Corps & Cheveux Barbe à Papa</strong>. Un duo gourmand poudré d'une douceur féerique et irrésistible.</p>","<div style=""color:#1a1a1a;line-height:1.7;""><p>Plongez dans un univers de douceur avec ce <strong>coffret eau de parfum gourmand poudré</strong>, une expérience olfactive douce, réconfortante et addictive. La fragrance s'ouvre sur une vanille crémeuse et un iris givré d'une pureté enveloppante, développe un cœur de muscs roses et de poudre délicate, avant de poser un fond de santal chaud et fève tonka d'un sillage duveteux et persistant.</p><p>La brume corps et cheveux aux accents sucrés et aériens complète ce duo en sublimant la peau et les cheveux d'un voile léger et gourmand. <strong>Idéal comme cadeau féminin poétique</strong>, ce coffret est fait pour celles qui portent la douceur comme une signature.</p></div>","19.99","25.00","","","(INSPIRÉ DE MARSHMALLOW BLUSH)","0",""
"simple","Coffret Raya Collection Privée L'original","1","0","visible","<p>Coffret cadeau Collection Privée L'original : <strong>Parfum 100ml Raya</strong> + <strong>Gel Douche Raya</strong>. Un duo floral poudré raffiné pour un sillage infiniment féminin.</p>","<div style=""color:#1a1a1a;line-height:1.7;""><p>Cultivez votre féminité avec ce <strong>coffret eau de parfum floral poudré</strong>, une expérience olfactive veloutée et infiniment élégante. La fragrance révèle en ouverture un iris poudré et lumineux d'une délicatesse raffinée, se déploie sur un cœur de praline crémeuse et cachemire soyeux d'une sensualité apaisante, puis se pose sur un fond de vanille dorée, musc blanc et bois de santal pour un sillage enveloppant et persistant.</p><p>Le gel douche coordonné offre un soin parfumé qui enveloppe la peau d'une douceur royale et prolonge le sillage tout au long de la journée. <strong>Idéal comme cadeau féminin raffiné</strong>, ce coffret séduira celles qui rayonnent avec grâce et subtilité.</p></div>","19.99","25.00","","","(INSPIRÉ DE YARA)","0",""
"simple","Coffret Mula Collection Privée L'original","1","0","visible","<p>Coffret cadeau Collection Privée L'original : <strong>Parfum 100ml Mula</strong> + <strong>Gel Douche Mula</strong>. Un duo oriental boisé envoûtant pour un voyage sensoriel au cœur de l'Orient.</p>","<div style=""color:#1a1a1a;line-height:1.7;""><p>Embarquez pour un voyage sensoriel avec ce <strong>coffret eau de parfum oriental boisé</strong>, une expérience olfactive profonde et mystérieuse. La fragrance s'ouvre sur des épices chaudes — safran et cardamome — d'une richesse orientale saisissante, développe un cœur de rose opulente et de bois précieux d'une noblesse incomparable, avant de se poser sur un fond d'ambre doré, musc sensuel et encens pour un sillage enveloppant et persistant.</p><p>Le gel douche assorti prolonge cette expérience en enrobant la peau de notes profondes et mystérieuses dès la douche. <strong>Idéal comme cadeau luxueux</strong>, ce coffret est conçu pour les amateurs de fragrances riches, épicées et empreintes de tradition orientale.</p></div>","19.99","25.00","","","(INSPIRÉ DE MULA PURAN)","0",""
"simple","Coffret Princesse D'Arabie Collection Privée L'original","1","0","visible","<p>Coffret cadeau Collection Privée L'original : <strong>Parfum 100ml Princesse d'Arabie</strong> + <strong>Gel Douche Princesse d'Arabie</strong>. Un duo oriental floral royal d'une opulence majestueuse.</p>","<div style=""color:#1a1a1a;line-height:1.7;""><p>Régnez avec élégance grâce à ce <strong>coffret eau de parfum oriental floral royal</strong>, une expérience olfactive somptueuse et majestueuse. La fragrance déploie en ouverture une rose royale et un safran doré aux accents précieux et capiteux, développe un cœur d'oud noble et d'encens mystérieux d'une profondeur envoûtante, puis se pose sur un fond d'ambre chaud, musc royal et bois de santal d'une richesse incomparable.</p><p>Le gel douche coordonné apporte une touche de luxe dès la douche, sublimant la peau d'un sillage oriental intense et durable. <strong>Idéal comme cadeau féminin d'exception</strong>, ce coffret est fait pour celles qui portent l'élégance orientale avec majesté.</p></div>","19.99","25.00","","","(INSPIRÉ DE AMEERAT AL ARAB)","0",""
